[{
        "id": "article-1",
        "title": "Lorem ipsum dolor sit amet, consectetur",
        "imageLink": "/assets/images/bike-ride.jpg",
        "description": "Motorcycle racing is the motorcycle sport of racing motorcycles. Major varieties include motorcycle road racing and off-road racing, both either on circuits or open courses, and track racing. Other categories include hill climbs, drag racing and land speed record trials.",
        "features": [{
                "id": 1,
                "feature": "This is a key feature"
            },
            {
                "id": 2,
                "feature": "This is a key feature"
            },
            {
                "id": 3,
                "feature": "This is a key feature"
            }
        ],
        "link": "#"
    },
    {
        "id": "article-2",
        "title": "Lorem ipsum dolor sit amet, consectetur",
        "imageLink": "/assets/images/bike-ride-2.jpg",
        "features": [{
                "id": 1,
                "feature": "This is a key feature"
            },
            {
                "id": 2,
                "feature": "This is a key feature"
            },
            {
                "id": 3,
                "feature": "This is a key feature"
            },
            {
                "id": 4,
                "feature": "This is a key feature"
            }
        ],
        "link": "#"
    }
]