[{
        "id": "123456",
        "imageLink": "/assets/images/rider-1.jpg",
        "title": "A Long product title that on more than two line",
        "price": 1500,
        "unit": "$",
        "link": "#"
    },
    {
        "id": "234567",
        "imageLink": "/assets/images/rider-2.jpg",
        "title": "A Small product title",
        "price": 2400,
        "unit": "$",
        "link": "#"
    },
    {
        "id": "134567",
        "imageLink": "/assets/images/rider-3.png",
        "title": "Test product",
        "price": 1400,
        "unit": "$",
        "link": "#"
    },
    {
        "id": "143567",
        "imageLink": "/assets/images/rider-2.jpg",
        "title": "A Long product title that on more than three line",
        "price": 1800,
        "unit": "$",
        "link": "#"
    },
    {
        "id": "123567",
        "imageLink": "/assets/images/rider-1.jpg",
        "title": "A New product line",
        "price": 2000,
        "unit": "$",
        "link": "#"
    }
]