[{
        "id": "menu-1",
        "title": "Menu Item 1",
        "link": "#",
        "children": []
    },
    {
        "id": "menu-2",
        "title": "Menu Item 2",
        "link": "#",
        "children": [{
                "id": "sub-menu-1",
                "title": "SubMenu Item 1",
                "link": "#"
            },
            {
                "id": "sub-menu-2",
                "title": "SubMenu Item 2",
                "link": "#"
            },
            {
                "id": "sub-menu-3",
                "title": "SubMenu Item 3",
                "link": "#"
            }
        ]
    },
    {
        "id": "menu-3",
        "title": "Menu Item 3",
        "link": "#",
        "children": [{
                "id": "sub-menu-31",
                "title": "SubMenu Item 31",
                "link": "#"
            },
            {
                "id": "sub-menu-32",
                "title": "SubMenu Item 32",
                "link": "#"
            }
        ]
    }
]